CountryID,Country Name,WEBNAME,Region,World Rank,Region Rank,2022 Score,Property Rights,Judical Effectiveness,Government Integrity,Tax Burden,Gov't Spending,Fiscal Health,Business Freedom,Labor Freedom,Monetary Freedom,Trade Freedom,Investment Freedom ,Financial Freedom,Tariff Rate (%),Income Tax Rate (%),Corporate Tax Rate (%),Tax Burden % of GDP,Gov't Expenditure % of GDP ,Population (Millions),"GDP (Billions $, PPP)",GDP Growth Rate (%),5 Year GDP Growth Rate (%),"GDP per Capita (in $, PPP)",Unemployment (%),Inflation (%),FDI Inflow (Millions),Public Debt (% of GDP)
1,Albania,Albania,Europe,50,30,66.60,55.50,49.80,35.60,89.10,72.10,70.60,70.70,51.10,82.00,82.60,70,70,3.70,23,15,18.30,30.50,2.80,40.70,-3.50,2.00,14218,11.70,1.60,1107,76.00
2,Algeria,Algeria,Middle East and North Africa,167,13,45.80,27.90,29.70,30.10,67.20,57.10,38.60,50.00,51.50,80.10,57.40,30,30,13.80,35,26,37.20,37.80,43.90,491.50,-6.00,0.10,11112,12.80,2.40,1125,53.10
3,Angola,Angola,Sub-Saharan Africa,139,29,52.60,39.80,25.30,20.60,86.60,86.40,80.00,37.60,53.90,61.20,70.00,30,40,7.50,25,25,9.40,21.30,32.90,215.10,-4.00,-1.90,6932,7.70,22.30,-1866,127.10
4,Argentina,Argentina,Americas,144,27,50.10,35.10,57.90,45.10,73.30,53.00,16.80,55.10,51.00,37.90,60.60,55,60,12.20,35,25,28.60,39.60,45.40,941.80,-10.00,-2.80,20751,11.70,42.00,4123,103.00
5,Armenia,Armenia,Europe,58,34,65.30,50.40,33.10,50.80,86.90,78.90,75.50,64.90,47.20,77.50,73.60,75,70,5.70,22,18,22.50,26.50,3.00,39.40,-7.60,2.60,13261,20.20,1.20,117,62.80
6,Australia,Australia,Asia-Pacific,12,4,77.70,91.70,95.20,87.00,62.50,51.60,52.00,84.60,64.20,83.20,90.00,80,90,2.50,45,30,28.70,40.20,25.70,1329.90,-2.40,1.50,51680,6.60,0.90,20146,63.10
7,Austria,Austria,Europe,22,15,73.80,98.40,94.60,82.90,45.50,20.30,71.70,82.30,78.40,82.30,79.20,80,70,2.90,55,25,42.40,51.60,8.90,491.50,-6.60,0.40,55218,5.80,1.40,-17340,85.20
8,Azerbaijan,Azerbaijan,Europe,75,37,61.60,53.60,15.90,28.60,87.70,62.70,99.10,64.60,55.90,74.50,66.60,70,60,9.20,25,20,14.30,35.30,10.10,145.80,-4.30,-0.70,14431,6.30,2.80,507,21.40
9,Bahamas,Bahamas,Americas,38,6,68.70,61.10,78.80,64.30,96.50,85.80,67.30,63.30,69.30,79.20,49.00,50,60,18.00,0,0,18.70,21.70,0.40,12.80,-16.30,-1.50,33148,14.40,0.00,897,68.60
10,Bahrain,Bahrain,Middle East and North Africa,74,4,62.00,65.90,27.40,41.60,99.90,65.50,0.00,60.20,54.90,81.10,83.00,85,80,6.00,0,0,3.00,33.90,1.70,73.80,-5.40,1.20,48766,4.10,-2.30,1007,132.90
11,Bangladesh,Bangladesh,Asia-Pacific,137,29,52.70,36.30,28.10,22.20,82.60,93.20,54.00,55.60,36.60,70.00,63.80,50,40,10.60,25,33,7.70,15.00,164.70,874.00,3.80,6.80,5307,5.30,5.60,2564,38.90
12,Barbados,Barbados,Americas,28,4,71.30,72.60,88.20,68.70,80.60,70.80,79.70,64.70,63.40,78.60,58.40,70,60,13.30,29,6,33.10,31.20,0.30,3.90,-17.60,-3.10,13553,12.80,2.90,262,149.00
13,Belarus,Belarus,Europe,135,45,53.00,34.50,15.50,43.70,93.30,56.70,95.30,54.50,46.80,70.20,75.60,30,20,4.70,13,18,13.30,38.00,9.40,189.90,-0.90,0.70,20187,5.30,5.50,1397,48.00
14,Belgium,Belgium,Europe,37,24,69.60,92.50,91.20,83.60,48.20,10.10,50.30,82.80,57.40,84.30,79.20,85,70,2.90,50,29,42.90,54.80,11.60,588.80,-6.40,0.00,51096,6.00,0.40,8437,115.00
15,Belize,Belize,Americas,109,22,56.60,34.70,70.20,38.10,77.00,64.10,37.60,54.00,59.90,82.50,55.60,55,50,17.20,25,25,32.40,34.60,0.40,2.50,-14.10,-1.50,6046,7.80,0.10,76,127.40
16,Benin,Benin,Sub-Saharan Africa,81,6,61.00,44.30,55.30,40.30,68.40,91.60,83.40,47.70,59.60,80.40,61.40,50,50,11.80,45,30,15.40,16.70,12.10,41.70,2.00,4.90,3437,2.50,3.00,176,45.40
17,Bhutan,Bhutan,Asia-Pacific,94,19,59.30,67.20,60.90,73.50,82.40,71.60,72.40,62.90,57.20,72.70,40.80,20,30,22.10,25,30,15.40,30.70,0.80,9.00,-0.80,4.20,12060,3.70,4.20,3,120.70
18,Bolivia,Bolivia,Americas,169,30,43.00,14.10,28.40,28.70,86.00,58.80,10.90,54.70,46.20,72.80,60.80,15,40,9.60,13,25,24.70,37.10,11.70,97.80,-7.70,1.40,8344,5.60,0.90,-1048,67.30
19,Bosnia and Herzegovina,BosniaHerzegovina,Europe,68,36,63.40,49.20,37.20,33.40,94.00,46.20,95.90,66.60,60.20,84.90,68.80,65,60,8.10,10,10,20.10,42.40,3.30,49.30,-5.50,1.50,15047,16.90,-0.60,371,38.30
20,Botswana,Botswana,Sub-Saharan Africa,61,3,64.80,74.20,70.10,61.40,87.40,59.80,19.20,56.70,61.60,75.40,77.20,65,70,6.40,25,22,12.10,36.60,2.40,39.60,-8.30,1.30,16893,17.70,2.00,80,20.00
21,Brazil,Brazil,Americas,133,26,53.30,50.30,57.20,40.00,69.90,53.80,0.40,63.20,55.90,78.40,60.00,60,50,10.00,28,34,33.10,39.20,212.60,3153.60,-4.10,-0.60,14916,13.70,3.20,24778,98.90
22,Brunei Darussalam,Brunei ,Asia-Pacific,62,9,64.80,67.00,51.60,61.10,90.80,68.10,20.00,72.40,75.00,72.30,84.60,65,50,0.20,0,19,24.00,32.60,0.40,28.70,1.20,0.80,62371,8.40,1.90,577,2.90
23,Bulgaria,Bulgaria,Europe,29,20,71.00,77.30,61.10,45.60,93.90,60.50,96.20,72.10,64.40,81.90,79.20,60,60,2.90,10,10,20.30,36.30,6.90,164.60,-3.80,2.10,23817,5.70,1.20,2426,23.80
24,Burkina Faso,BurkinaFaso,Sub-Saharan Africa,100,13,58.30,47.00,36.30,41.40,81.80,82.30,66.10,41.90,61.60,75.60,61.00,65,40,9.50,28,28,16.80,24.30,20.90,47.30,0.80,5.10,2262,5.00,1.90,149,44.30
25,Burma,Burma,Asia-Pacific,149,32,49.60,23.10,16.70,29.80,87.20,86.80,67.20,41.70,49.60,73.90,69.40,30,20,5.30,25,25,5.90,21.00,54.40,278.80,3.20,5.70,5242,1.80,5.70,1834,39.30
26,Burundi,Burundi,Sub-Saharan Africa,172,45,39.40,18.80,7.10,12.20,77.10,76.40,10.30,27.50,41.50,70.30,51.00,50,30,14.50,35,30,12.90,28.10,11.90,9.00,-1.30,0.40,760,0.80,7.30,6,69.50
27,Cambodia,Cambodia,Asia-Pacific,106,21,57.10,41.20,20.90,12.30,88.70,81.50,98.00,55.20,47.80,74.70,64.80,50,50,10.10,20,20,18.20,24.80,16.70,73.60,-3.50,5.00,4695,0.30,2.90,3625,31.60
28,Cameroon,Cameroon,Sub-Saharan Africa,136,27,52.90,39.10,10.90,19.90,74.70,90.10,78.70,60.40,46.40,79.90,55.20,30,50,14.90,35,33,14.60,18.20,26.50,96.80,-2.80,2.70,3646,3.60,2.80,488,43.20
29,Canada,Canada,Americas,15,1,76.60,89.50,96.40,86.70,75.70,39.60,62.80,78.80,68.70,78.20,83.20,80,80,3.40,33,15,33.50,44.90,38.00,1850.10,-5.40,0.60,48720,9.50,0.70,23823,117.80
30,Cabo Verde,CaboVerde,Sub-Saharan Africa,49,2,66.70,66.10,77.40,60.90,77.50,68.10,48.30,59.80,52.40,84.40,66.00,80,60,12.00,35,24,21.20,32.60,0.60,3.60,-14.00,0.90,6424,13.40,0.60,73,139.00
31,Central African Republic,CentralAfricanRepublic,Sub-Saharan Africa,168,43,45.70,7.10,12.30,18.30,65.30,88.10,95.20,26.50,39.50,75.30,46.20,45,30,16.90,50,30,8.60,19.90,4.80,4.70,0.00,3.20,979,4.30,2.30,35,44.90
32,Chad,Chad,Sub-Saharan Africa,146,34,49.80,28.90,13.60,13.10,44.60,92.70,96.30,28.20,54.50,74.20,52.00,60,40,14.00,60,45,13.30,15.60,16.40,26.50,-0.90,-0.70,1611,2.30,3.50,558,43.00
33,Chile,Chile,Americas,20,2,74.40,73.00,91.40,71.40,72.40,78.10,75.30,76.20,58.00,79.40,78.00,70,70,6.00,40,27,20.70,27.00,19.10,454.70,-5.80,0.40,23366,11.50,3.00,8386,32.50
34,China,China,Asia-Pacific,158,35,48.00,43.70,37.40,39.30,71.20,64.20,11.10,68.80,57.20,70.00,73.20,20,20,3.40,45,25,15.20,34.50,1402.10,24142.80,2.30,5.70,17192,5.00,2.40,149342,66.80
35,Colombia,Colombia,Americas,60,12,65.10,50.90,59.10,42.00,71.30,66.00,56.70,68.80,60.70,79.30,76.40,80,70,6.80,39,31,19.70,33.70,50.90,728.80,-6.80,0.50,14324,15.40,2.50,7690,62.80
36,Comoros,Comoros,Sub-Saharan Africa,143,33,50.40,28.90,21.20,20.10,63.00,88.50,96.20,48.30,55.50,81.50,27.00,45,30,26.50,30,50,17.40,19.50,0.90,2.70,-0.50,2.50,3048,8.40,1.10,9,26.80
37,"Congo, Democratic Republic of the Congo",DemcoraticRepublicCongo,Sub-Saharan Africa,160,40,47.60,14.80,13.20,11.80,74.40,95.70,97.40,28.30,54.00,63.70,68.00,30,20,8.50,40,30,7.50,11.90,89.60,100.50,-0.10,3.30,1106,4.60,11.30,1647,15.20
38,"Congo, Republic of",RepublicCongo,Sub-Saharan Africa,155,37,48.50,30.40,14.90,13.40,82.40,86.00,80.00,29.50,43.30,80.50,56.40,35,30,11.80,30,28,8.50,21.60,5.50,19.60,-7.80,-6.00,4188,10.30,2.40,4016,101.70
39,Costa Rica,CostaRica,Americas,55,10,65.40,66.40,78.40,63.10,79.20,86.60,10.90,66.00,56.60,83.10,74.60,70,50,5.20,25,30,23.60,21.10,5.10,102.50,-4.80,1.60,19990,17.10,0.70,1711,68.30
40,Côte d'Ivoire,CoeDivoire,Sub-Saharan Africa,76,4,61.60,45.40,30.00,33.80,79.10,89.70,73.80,61.00,55.90,71.30,73.60,75,50,8.20,36,25,13.10,18.60,26.40,144.60,2.30,6.00,5365,3.50,2.50,509,45.70
41,Croatia,Croatia,Europe,45,27,67.60,81.10,69.90,50.00,82.80,26.30,75.20,72.40,58.70,80.50,79.20,75,60,2.90,30,18,22.20,49.60,4.00,112.10,-9.00,0.70,27717,7.20,0.30,1304,87.20
42,Cuba,Cuba,Americas,175,31,29.50,31.50,15.60,39.90,48.40,0.00,11.40,41.10,20.00,61.80,64.00,10,10,8.00,50,30,42.00,65.90,11.30,142.60,-11.00,-1.40,12600,3.90,n/a,n/a,69.40
43,Cyprus,Cyprus,Europe,23,16,72.90,85.60,90.90,62.90,80.30,44.30,71.20,74.90,66.40,83.90,79.20,75,60,2.90,35,13,24.20,43.10,1.20,35.50,-5.10,3.00,40107,7.20,-1.10,-3647,118.20
44,Czech Republic,CzechRepublic,Europe,21,14,74.40,88.80,81.80,59.60,78.90,44.70,93.20,80.60,56.50,79.00,79.20,70,80,2.90,23,19,34.90,42.90,10.70,434.40,-5.60,1.50,40618,2.90,3.20,6293,37.60
45,Denmark,Denmark,Europe,10,7,78.00,98.60,89.60,99.50,42.30,21.10,96.20,89.00,64.40,85.70,79.20,90,80,2.90,56,22,46.30,51.30,5.80,343.20,-3.30,1.60,58933,5.70,0.30,1151,43.40
46,Djibouti,Djibouti,Sub-Saharan Africa,120,21,55.30,33.10,28.30,24.50,80.00,83.30,92.10,48.60,50.70,69.50,43.20,60,50,20.90,30,25,21.80,23.60,1.00,5.60,-1.00,5.40,5096,11.60,2.90,240,42.20
47,Dominica,Dominica,Americas,125,24,54.40,68.10,81.60,56.20,71.60,8.50,1.10,55.80,59.00,84.90,55.60,70,40,14.70,35,25,31.50,55.20,0.10,0.80,-10.40,-1.90,11073,N/A,-0.30,25,97.10
48,Dominican Republic,DominicanRepublic,Americas,71,16,63.00,54.00,55.90,30.80,84.60,89.90,66.80,68.10,52.90,73.50,69.00,70,40,8.00,25,27,13.50,18.30,10.80,194.60,-6.70,3.30,18608,8.90,3.80,2554,69.40
49,Ecuador,Ecuador,Americas,126,25,54.30,31.40,47.30,37.20,77.50,59.70,63.10,60.30,57.30,81.50,61.00,35,40,9.50,35,25,20.10,36.70,17.60,192.80,-7.50,-1.00,11009,6.20,-0.30,1017,64.60
50,Egypt,Egypt,Middle East and North Africa,152,11,49.10,39.00,22.10,28.70,87.10,75.70,3.70,54.10,32.90,70.90,60.20,65,50,12.40,23,23,16.70,28.50,102.30,1290.20,3.60,4.60,12790,10.50,5.70,5852,90.20
51,El Salvador,ElSalvador,Americas,90,18,59.60,43.20,46.80,36.10,77.70,74.70,50.30,65.00,54.60,76.80,69.40,60,60,7.80,30,30,20.80,29.10,6.50,54.60,-8.60,0.20,8422,7.00,0.20,200,88.20
52,Equatorial Guinea,EquatorialGuinea,Sub-Saharan Africa,163,41,47.20,18.90,6.90,6.50,75.10,91.00,94.80,34.40,46.50,73.00,48.80,40,30,15.60,35,35,6.30,17.30,1.40,25.00,-5.80,-6.40,17788,9.20,4.80,530,51.10
53,Eritrea,Eritrea,Sub-Saharan Africa,171,44,39.70,8.60,3.90,11.10,72.70,68.60,79.00,30.10,51.20,61.50,69.20,0,20,5.40,30,30,30.50,32.40,3.60,6.50,-0.60,2.70,1821,7.40,4.90,74,184.70
54,Estonia,Estonia,Europe,7,4,80.00,91.50,92.30,83.90,81.10,48.40,93.30,86.90,61.10,82.80,79.20,90,70,2.90,20,20,33.10,41.50,1.30,50.20,-2.90,3.00,37745,6.50,-0.60,3156,18.50
55,Eswatini,Eswatini,Sub-Saharan Africa,141,31,51.40,46.10,36.90,32.10,78.60,63.90,15.60,48.90,54.80,77.90,71.80,50,40,9.10,33,28,17.20,34.70,1.20,10.10,-3.30,0.90,8957,23.40,3.90,41,47.10
56,Ethiopia,Ethiopia,Sub-Saharan Africa,150,35,49.60,38.10,20.50,33.20,78.30,93.00,81.60,42.70,38.80,57.70,61.40,30,20,11.80,35,30,6.70,15.30,115.00,282.60,6.10,8.20,2908,2.80,20.40,2395,55.30
57,Fiji,Fiji,Asia-Pacific,111,23,56.40,53.20,43.40,54.30,86.80,69.60,9.10,58.80,66.00,74.90,55.20,55,50,14.90,20,20,22.70,31.80,0.90,10.40,-19.00,-1.60,11567,4.80,-2.60,241,73.70
58,Finland,Finland,Europe,9,6,78.30,100.00,97.80,96.40,68.40,10.70,83.20,88.70,65.10,84.90,79.20,85,80,2.90,31,20,42.20,54.60,5.50,275.50,-2.90,1.10,49853,7.80,0.40,2575,67.10
59,France,France,Europe,52,31,65.90,93.80,85.50,75.90,52.10,0.50,39.10,81.90,58.80,79.10,79.20,75,70,2.90,45,27,45.40,57.60,67.40,2999.70,-8.20,-0.30,46062,8.60,0.50,17932,113.50
60,Gabon,Gabon,Sub-Saharan Africa,115,19,55.80,26.80,18.60,24.40,77.40,90.20,89.50,49.90,54.00,81.50,56.80,60,40,14.10,35,30,11.50,18.10,2.20,33.70,-1.80,1.10,15970,20.50,1.30,1717,72.50
61,Gambia,Gambia,Sub-Saharan Africa,102,14,58.00,47.60,37.20,38.10,79.30,84.10,68.90,50.50,47.30,64.10,63.80,65,50,13.10,35,27,10.80,23.00,2.40,5.50,0.00,4.00,2275,9.60,5.90,46,75.80
62,Georgia,Georgia,Europe,26,18,71.80,63.80,56.40,64.40,89.10,72.70,67.10,74.10,61.90,76.00,86.60,80,70,1.70,20,15,22.20,30.20,3.70,55.30,-6.10,2.30,14918,12.10,5.20,617,60.60
63,Germany,Germany,Europe,16,11,76.10,95.70,95.30,89.40,59.90,34.50,90.40,87.20,52.30,79.50,79.20,80,70,2.90,48,16,38.80,46.70,83.20,4496.80,-4.90,0.40,54076,4.30,0.40,35651,68.90
64,Ghana,Ghana,Sub-Saharan Africa,89,9,59.80,60.70,57.00,45.40,82.80,83.80,7.80,60.90,55.40,70.80,63.00,70,60,11.00,30,25,14.10,23.20,31.10,175.20,0.90,5.00,5693,4.50,9.90,1877,78.00
65,Greece,Greece,Europe,77,38,61.50,76.00,69.90,52.30,59.90,17.90,67.60,70.30,61.10,78.60,79.20,55,50,2.90,44,24,38.70,52.30,10.70,307.90,-8.20,-0.80,28748,16.90,-1.30,3572,213.10
66,Guatemala,Guatemala,Americas,69,15,63.20,39.80,36.90,26.50,91.50,94.00,83.30,62.10,50.30,79.30,75.00,70,50,5.00,7,25,13.10,14.10,16.90,149.00,-1.50,2.30,8293,4.70,2.40,915,31.70
67,Guinea,Guinea,Sub-Saharan Africa,129,25,54.20,21.40,27.80,25.60,69.30,92.80,92.00,45.40,49.50,69.70,66.40,50,40,9.30,40,35,15.60,15.50,13.10,36.40,5.20,7.60,2604,4.40,10.60,325,41.40
68,Guinea-Bissau,GuineaBissau,Sub-Saharan Africa,166,42,46.00,29.10,14.00,15.90,88.80,85.80,31.30,31.50,56.40,83.40,55.80,30,30,12.10,20,25,9.50,21.80,2.00,4.30,-2.40,3.10,2348,3.20,1.50,20,78.10
69,Guyana,Guyana,Americas,91,19,59.50,46.90,47.40,41.50,67.50,74.80,67.40,63.10,67.30,83.30,69.40,55,30,5.30,33,40,23.20,29.00,0.80,15.50,43.40,12.10,19684,15.80,0.70,1834,43.90
70,Haiti,Haiti,Americas,145,28,50.00,24.10,18.60,14.30,81.50,97.00,94.80,33.50,54.70,56.20,65.40,30,30,7.30,30,30,7.40,10.10,11.40,33.20,-3.70,0.10,2916,14.50,22.90,30,25.10
71,Honduras,Honduras,Americas,92,20,59.50,40.30,29.00,25.40,82.70,78.70,92.10,56.90,39.10,72.70,71.60,65,60,6.70,25,25,21.90,26.60,9.90,54.20,-8.00,1.40,5450,9.40,3.50,419,48.90
72,Hungary,Hungary,Europe,48,29,66.90,75.80,62.20,44.40,84.10,31.60,58.40,77.20,61.20,78.50,79.20,80,70,2.90,15,9,35.80,47.70,9.70,322.70,-5.00,2.30,33030,4.40,3.30,4169,81.20
73,Iceland,Iceland,Europe,13,9,77.00,97.10,94.80,85.30,72.90,36.80,76.10,83.30,67.40,79.30,81.00,80,70,2.00,32,20,36.10,45.90,0.40,20.40,-6.60,2.20,55966,5.00,2.90,-811,79.90
74,India,India,Asia-Pacific,131,27,53.90,49.90,51.50,42.40,79.50,76.20,4.00,63.90,58.20,70.00,71.00,40,40,7.00,31,32,6.80,28.20,1380.00,8907.10,-8.00,3.50,6461,7.10,6.20,64062,89.60
75,Indonesia,Indonesia,Asia-Pacific,63,10,64.40,38.60,43.20,39.90,85.30,91.20,80.10,66.60,59.30,80.30,78.60,50,60,5.70,30,22,9.50,17.10,273.50,3302.40,-2.10,3.60,12222,4.10,2.00,18581,36.60
76,Iran,Iran,Middle East and North Africa,170,14,42.40,26.60,29.40,19.80,80.80,92.50,54.70,38.90,49.40,42.30,59.20,5,10,12.90,35,25,8.40,15.80,84.00,1100.10,1.50,1.20,13073,11.00,36.50,1342,42.80
77,Ireland,Ireland,Europe,3,2,82.00,92.60,93.00,80.70,76.50,79.90,89.00,87.20,60.90,85.20,79.20,90,70,2.90,41,13,22.70,25.90,5.00,471.40,2.50,5.80,94392,5.90,-0.50,33424,59.80
78,Israel,Israel,Middle East and North Africa,43,2,68.00,83.20,85.00,65.20,60.40,48.40,23.10,81.10,56.50,84.80,78.80,80,70,3.10,50,23,30.50,41.50,9.20,373.70,-2.40,2.40,40547,4.60,-0.60,24758,73.00
79,Italy,Italy,Europe,57,33,65.40,81.70,78.60,57.30,57.70,20.60,49.00,73.80,70.40,86.20,79.20,80,50,2.90,43,24,42.50,51.40,59.60,2461.70,-8.90,-0.90,40861,9.30,-0.10,-388,155.60
80,Jamaica,Jamaica,Americas,46,7,67.40,65.00,70.60,49.00,76.60,71.60,79.40,56.50,64.70,76.20,69.20,80,50,10.40,30,25,28.60,30.80,3.00,27.30,-10.20,-1.00,9975,8.40,5.20,366,105.60
81,Japan,Japan,Asia-Pacific,35,6,69.90,94.60,95.30,81.40,67.40,52.50,19.70,78.30,66.60,87.10,75.40,60,60,2.30,41,24,32.00,39.80,125.80,5313.00,-4.80,-0.30,42248,3.00,0.00,10254,256.20
82,Jordan,Jordan,Middle East and North Africa,87,5,60.10,53.70,42.60,49.50,84.80,71.60,15.90,59.60,57.20,84.20,71.80,70,60,9.10,30,20,14.80,30.80,10.20,105.20,-2.00,1.20,10306,18.50,0.40,726,88.50
83,Kazakhstan,Kazakhstan,Asia-Pacific,64,11,64.40,55.30,34.50,37.90,92.70,86.50,93.50,64.70,62.70,69.10,75.40,50,50,4.80,10,20,15.10,21.20,18.80,501.30,-2.60,2.20,26565,6.10,6.80,3877,27.40
84,Kenya,Kenya,Sub-Saharan Africa,138,28,52.60,40.60,39.00,30.90,79.00,82.20,10.60,56.10,56.80,75.50,56.00,55,50,12.00,30,30,17.40,24.40,53.80,239.80,-0.10,4.40,4926,3.00,5.30,717,68.70
85,Kiribati,Kiribati,Asia-Pacific,96,20,59.20,70.60,81.80,45.40,69.30,0.00,99.40,63.20,65.10,80.70,80.00,25,30,0.00,35,35,24.90,119.10,0.10,0.30,-0.50,2.70,2200,N/A,2.50,0,17.30
86,"Korea, South",SouthKorea,Asia-Pacific,19,5,74.60,90.50,77.10,69.20,60.40,84.50,95.30,84.80,55.60,85.20,73.00,60,60,8.50,50,28,27.40,22.70,51.80,2310.40,-1.00,2.00,44621,4.10,0.50,9224,48.70
87,Kosovo,Kosovo,Europe,86,40,60.10,47.40,31.00,37.50,92.50,71.60,67.40,68.00,53.10,79.10,78.60,65,30,3.20,10,10,23.40,30.70,1.80,20.40,-6.00,2.20,11274,N/A,0.20,304,24.40
88,Kuwait,Kuwait,Middle East and North Africa,101,7,58.30,41.90,42.00,43.80,97.70,4.00,99.70,55.40,52.70,71.70,75.60,55,60,4.70,0,15,1.40,56.60,4.30,203.30,-8.10,-1.60,41627,6.80,2.10,-319,11.50
89,Kyrgyz Republic,KyrgyzRepublic,Asia-Pacific,116,24,55.80,25.10,11.80,28.80,94.80,66.70,79.00,56.10,52.20,71.40,73.20,60,50,5.90,10,10,17.90,33.30,6.60,32.80,-8.00,1.80,5036,7.90,6.30,-331,74.30
90,Laos,Laos,Asia-Pacific,151,33,49.20,41.10,11.10,20.40,87.20,88.40,44.00,60.50,44.30,71.80,66.80,35,20,9.10,24,24,11.40,19.70,7.30,58.90,-0.40,4.90,8111,1.00,5.10,968,68.00
91,Latvia,Latvia,Europe,18,13,74.80,88.50,75.10,61.10,76.40,53.20,91.40,81.90,62.40,83.80,79.20,85,60,2.90,31,20,31.20,39.50,1.90,60.10,-3.60,1.60,31509,8.20,0.10,873,45.50
92,Lebanon,Lebanon,Middle East and North Africa,162,12,47.30,33.70,27.40,22.80,88.50,77.40,0.00,48.80,54.20,41.10,74.20,50,50,5.40,25,17,15.30,27.40,6.80,78.90,-25.00,-6.20,11564,6.60,88.20,3067,154.40
93,Lesotho,Lesotho,Sub-Saharan Africa,157,38,48.10,45.00,44.10,42.80,77.40,4.50,27.50,44.20,58.30,75.90,62.20,55,40,11.40,35,25,20.20,56.40,2.10,5.60,-4.50,-1.10,2718,24.70,4.90,102,50.30
94,Liberia,Liberia,Sub-Saharan Africa,159,39,47.90,32.20,23.40,25.10,86.10,68.00,64.60,34.80,43.20,61.70,60.80,55,20,12.10,25,25,12.00,32.70,5.10,7.30,-3.00,-0.70,1557,3.30,17.00,87,61.80
95,Lithuania,Lithuania,Europe,17,12,75.80,88.60,74.60,66.60,84.54,59.90,86.50,87.30,59.50,82.30,79.20,70,70,2.90,20,15,30.30,36.60,2.80,108.60,-0.80,2.90,38824,8.40,1.10,479,47.00
96,Luxembourg,Luxembourg,Europe,5,3,80.60,97.40,96.40,89.50,64.10,41.50,98.70,89.30,56.30,80.10,79.20,95,80,2.90,42,17,39.20,44.10,0.60,73.90,-1.30,2.10,118002,6.70,0.00,62145,25.50
97,North Macedonia,Macedonia,Europe,53,32,65.70,57.40,50.20,38.70,95.00,67.70,69.80,74.40,54.10,78.30,77.80,65,60,6.10,10,10,17.20,32.80,2.10,34.70,-4.50,1.10,16712,18.40,1.20,274,51.30
98,Madagascar,Madagascar,Sub-Saharan Africa,98,12,58.90,40.30,33.40,23.00,90.70,92.90,87.80,37.40,56.00,75.90,64.80,55,50,10.10,20,20,11.40,15.40,27.70,44.10,-4.20,2.30,1599,1.90,4.20,359,43.60
99,Malawi,Malawi,Sub-Saharan Africa,134,26,53.00,48.10,53.00,29.40,78.70,87.40,11.00,34.00,56.40,71.10,67.40,50,50,8.80,30,30,18.30,20.50,19.10,20.70,0.60,2.90,993,6.00,8.60,98,67.30
100,Malaysia,Malaysia,Asia-Pacific,42,8,68.10,65.60,57.60,53.90,83.80,82.90,73.40,67.10,57.00,83.60,82.20,60,50,3.90,30,24,12.00,23.90,32.40,902.60,-5.60,2.70,27402,4.60,-1.10,3483,67.50
101,Maldives,Maldives,Asia-Pacific,161,36,47.30,47.20,32.10,43.10,96.90,55.20,0.00,39.80,51.60,77.20,60.00,35,30,12.50,0,0,17.50,38.60,0.50,7.40,-32.20,-0.70,19609,7.20,-1.60,348,142.60
102,Mali,Mali,Sub-Saharan Africa,114,18,55.90,34.00,34.10,28.30,69.80,83.90,70.80,44.20,54.20,82.80,64.00,65,40,10.50,40,35,14.10,23.20,20.30,47.20,-2.00,3.70,2401,7.50,0.60,308,44.20
103,Malta,Malta,Europe,27,19,71.50,87.80,89.90,55.80,69.00,54.60,86.20,75.50,61.80,78.50,79.20,70,50,2.90,35,35,25.50,38.90,0.50,22.10,-7.00,3.20,42856,4.10,0.80,3917,55.40
104,Mauritania,Mauritania,Sub-Saharan Africa,119,20,55.30,36.90,29.90,23.50,75.20,89.40,92.90,35.70,48.90,80.30,60.60,50,40,9.70,40,25,16.00,18.80,4.60,24.20,-2.20,2.10,5834,10.70,2.30,978,59.50
105,Mauritius,Mauritius,Sub-Saharan Africa,30,1,70.90,85.60,81.70,56.50,91.30,73.40,6.80,72.00,69.80,75.90,87.40,80,70,1.30,15,15,20.40,29.80,1.30,25.70,-15.80,-0.30,20292,7.10,2.50,246,87.80
106,Mexico,Mexico,Americas,67,14,63.70,47.70,40.70,32.00,76.00,78.30,78.00,69.20,58.40,73.00,76.60,75,60,4.20,35,30,16.50,26.90,128.90,2444.70,-8.20,-0.30,19130,4.70,3.40,29079,60.60
107,Micronesia,Micronesia,Asia-Pacific,82,16,61.00,54.30,82.20,56.80,80.70,0.00,99.50,52.40,81.50,84.30,74.80,35,30,5.10,10,21,37.30,61.50,0.10,0.40,-1.60,0.70,3446,16.20,0.50,NA,16.00
108,Moldova,Moldova,Europe,78,39,61.30,55.90,30.70,34.70,94.10,68.10,87.20,64.20,46.40,72.40,76.60,55,50,4.20,12,12,17.30,32.60,2.60,33.70,-7.50,1.80,12811,4.70,3.80,55,35.30
109,Mongolia,Mongolia,Asia-Pacific,66,12,63.90,48.80,57.10,37.00,89.20,68.20,81.90,66.50,67.50,76.00,74.40,50,50,5.30,10,25,18.70,32.60,3.30,39.70,-5.30,2.70,11825,4.30,3.70,1719,76.60
110,Montenegro,Montenegro,Europe,103,41,57.80,61.30,43.00,46.40,83.90,29.50,11.90,67.10,61.70,85.60,78.80,75,50,5.60,9,9,38.10,48.50,0.60,12.00,-15.20,0.30,19252,15.90,-0.20,529,108.80
111,Morocco,Morocco,Middle East and North Africa,97,6,59.20,57.80,32.70,41.00,68.20,69.80,46.00,64.80,46.40,80.00,68.60,65,70,10.70,38,31,27.80,31.80,36.90,274.00,-7.00,0.80,7620,10.20,0.60,1763,76.10
112,Mozambique,Mozambique,Sub-Saharan Africa,142,32,51.30,31.90,44.10,26.30,72.20,70.30,52.70,36.70,47.40,78.80,70.60,35,50,7.20,32,32,27.10,31.50,31.30,40.80,-0.50,2.60,1277,3.40,3.10,2337,122.20
113,Namibia,Namibia,Sub-Saharan Africa,95,11,59.20,63.80,67.60,53.90,72.30,56.50,22.40,55.40,63.40,79.00,71.20,65,40,6.90,37,32,19.40,38.10,2.50,23.80,-7.20,-1.80,9397,20.40,2.60,-75,65.70
114,Nepal,Nepal,Asia-Pacific,148,31,49.70,37.40,34.10,33.80,82.60,77.20,51.50,60.20,51.50,70.00,57.60,10,30,13.70,25,25,22.10,27.60,29.10,117.10,-1.90,4.40,4061,4.40,6.20,126,41.30
115,Netherlands,Netherlands,Europe,8,5,79.50,96.20,96.90,92.30,51.20,45.40,93.60,88.10,58.90,82.10,79.20,90,80,2.90,52,25,39.30,42.70,17.40,1001.50,-3.80,1.10,57534,4.10,1.10,-115300,54.00
116,New Zealand,NewZealand,Asia-Pacific,4,2,80.60,88.20,95.90,97.50,70.80,53.50,88.30,81.30,70.50,81.80,90.00,70,80,2.50,33,28,32.30,39.40,5.10,213.90,-3.00,2.10,42018,4.60,1.70,4216,41.30
117,Nicaragua,Nicaragua,Americas,122,23,54.80,30.10,19.50,19.00,75.30,76.20,87.30,53.80,46.90,72.00,67.80,60,50,6.10,30,30,25.90,28.20,6.60,36.20,-3.00,-0.30,5575,5.80,3.70,182,46.00
118,Niger,Niger,Sub-Saharan Africa,121,22,54.90,37.40,35.90,32.50,77.50,85.70,69.00,35.20,53.60,74.60,62.60,55,40,11.20,35,30,11.10,21.90,24.20,30.50,1.20,5.00,1259,0.70,2.80,367,44.20
119,Nigeria,Nigeria,Sub-Saharan Africa,124,23,54.40,22.10,33.80,22.70,84.80,95.30,58.10,41.20,73.60,67.50,68.60,45,40,8.20,24,30,6.30,12.50,206.10,1069.20,-1.80,0.30,5187,9.00,13.20,2385,35.10
120,Norway,Norway,Europe,14,10,76.90,99.60,97.30,96.00,56.40,19.50,96.60,91.40,68.80,76.90,85.40,75,60,2.30,48,22,39.90,51.80,5.40,354.60,-0.80,0.90,65800,4.60,1.30,-2394,41.40
121,Oman,Oman,Middle East and North Africa,108,8,56.60,74.90,27.10,53.30,97.70,32.80,6.90,58.10,45.70,84.70,73.40,65,60,5.80,0,15,2.60,47.30,5.10,134.20,-6.40,-0.20,30178,5.00,-0.90,4093,81.10
122,Pakistan,Pakistan,Asia-Pacific,153,34,48.80,29.00,28.50,27.40,78.00,85.10,4.80,49.50,51.60,65.90,65.80,60,40,9.60,35,29,11.40,22.30,220.90,1074.10,-0.40,3.40,5150,4.70,10.70,2105,87.20
123,Panama,Panama,Americas,56,11,65.40,58.80,50.70,38.00,85.50,81.90,40.70,67.10,61.50,78.10,77.20,75,70,6.40,25,25,14.10,24.60,4.30,115.50,-17.90,-0.20,27003,10.20,-1.60,589,63.50
124,Papua New Guinea,PapuaNewGuinea,Asia-Pacific,123,26,54.60,42.70,44.20,26.20,72.00,86.00,64.10,47.90,65.10,71.40,80.40,25,30,2.30,42,30,11.80,21.60,8.90,33.70,-3.90,2.10,3833,2.70,5.00,-935,49.20
125,Paraguay,Paraguay,Americas,73,17,62.90,45.50,37.90,29.50,96.10,84.00,68.80,65.40,39.40,75.60,77.00,75,60,6.50,10,10,13.90,23.10,7.10,93.40,-0.90,2.30,12881,7.60,1.80,568,34.80
126,Peru,Peru,Americas,51,8,66.50,49.70,49.70,39.70,79.50,84.20,73.10,65.30,59.60,81.40,81.40,75,60,1.80,30,30,16.60,23.00,33.00,397.60,-11.10,0.30,11871,6.20,1.80,982,35.40
127,Philippines,Philippines,Asia-Pacific,80,15,61.10,47.10,25.60,34.70,76.80,84.20,81.80,61.50,58.00,69.40,73.80,60,60,5.60,35,30,14.00,23.00,109.60,919.40,-9.50,3.40,8452,3.40,2.60,6542,47.10
128,Poland,Poland,Europe,39,25,68.70,72.30,54.70,60.60,73.60,41.90,78.30,78.70,55.70,79.10,79.20,80,70,2.90,32,19,35.40,44.00,38.00,1294.50,-2.70,3.00,34103,3.60,3.40,10080,57.70
129,Portugal,Portugal,Europe,31,21,70.80,89.90,92.10,67.80,60.40,39.50,72.80,76.20,55.50,86.80,79.20,70,60,2.90,48,21,34.80,44.90,10.30,350.20,-7.60,0.70,34043,7.20,-0.10,6324,131.60
130,Qatar,Qatar,Middle East and North Africa,44,3,67.70,68.60,38.80,60.00,97.80,69.30,89.70,58.60,51.90,76.00,81.40,60,60,4.30,0,0,14.70,32.00,2.90,262.00,-2.60,0.20,93508,3.50,-2.70,-2434,71.80
131,Romania,Romania,Europe,47,28,67.10,81.00,64.80,45.40,94.30,63.90,42.80,71.40,64.10,78.80,79.20,70,50,2.90,10,16,14.60,34.70,19.30,589.70,-3.90,3.30,30526,4.80,2.60,2322,50.10
132,Russia,Russia,Europe,113,43,56.10,36.80,34.70,29.70,93.10,62.60,99.30,62.50,57.30,68.00,69.00,30,30,5.50,13,20,11.00,35.30,144.10,4096.50,-3.10,0.80,27903,5.70,3.40,9676,19.30
133,Rwanda,Rwanda,Sub-Saharan Africa,105,16,57.10,61.10,26.60,54.70,79.10,76.30,61.60,50.70,42.60,74.40,58.20,60,40,13.40,30,30,17.10,28.10,13.00,29.60,-0.20,5.50,2337,1.40,8.00,135,61.00
134,Saint Lucia,SaintLucia,Americas,65,13,64.30,66.80,76.90,58.10,77.50,78.70,50.10,61.50,58.20,82.20,56.60,65,40,14.20,30,30,21.10,26.70,0.20,2.40,-18.90,-1.40,13359,17.10,-1.80,15,84.40
135,Saint Vincent and the Grenadines,SaintVincentGrenadines,Americas,54,9,65.70,64.00,76.90,62.00,75.50,66.90,68.50,61.40,58.80,84.20,59.80,70,40,12.60,30,30,25.40,33.20,0.10,1.40,-4.20,0.20,12606,20.30,-0.60,73,87.20
136,Samoa,Samoa,Asia-Pacific,40,7,68.30,78.40,78.40,53.70,78.60,68.50,95.60,61.50,71.60,81.40,66.40,55,30,9.30,27,27,26.20,32.40,0.20,1.10,-3.20,1.50,5653,8.90,1.50,-1,46.70
137,São Tomé and Príncipe,SaoTomePrincipe,Sub-Saharan Africa,85,7,60.30,44.10,62.20,48.70,88.20,83.10,85.90,49.00,41.60,65.90,65.00,60,30,10.00,20,25,12.50,23.70,0.20,0.80,-6.50,1.20,3829,13.90,9.80,47,81.40
138,Saudi Arabia,SaudiArabia,Middle East and North Africa,118,9,55.50,46.70,35.80,50.70,99.30,57.30,17.90,68.10,41.20,79.00,74.80,45,50,5.10,3,3,7.40,37.70,34.80,1627.30,-4.10,-0.10,46811,8.20,3.40,5486,32.40
139,Senegal,Senegal,Sub-Saharan Africa,88,8,60.00,58.00,49.80,47.80,72.30,82.10,56.70,57.90,53.90,76.10,65.80,60,40,9.60,40,30,16.50,24.40,16.70,58.30,0.80,5.00,3478,7.10,2.50,1481,65.80
140,Serbia,Serbia,Europe,59,35,65.20,58.80,50.40,37.90,90.90,42.50,85.70,74.40,62.90,81.60,77.00,70,50,6.50,10,15,24.10,43.80,6.90,132.80,-1.00,2.60,19146,9.10,1.70,3440,58.40
141,Seychelles,Seychelles,Sub-Saharan Africa,79,5,61.10,78.80,62.40,65.20,76.40,42.50,36.70,61.20,61.70,82.10,81.20,55,30,4.40,15,33,32.40,43.80,0.10,2.50,-13.40,-0.10,25414,n/a,1.20,122,98.40
142,Sierra Leone,SierraLeone,Sub-Saharan Africa,140,30,52.00,43.10,41.90,32.40,86.70,84.90,54.00,34.40,38.20,65.10,63.60,60,20,13.20,15,30,14.40,22.40,8.00,13.80,-2.20,3.40,1725,4.60,15.70,349,71.90
143,Singapore,Singapore,Asia-Pacific,1,1,84.40,94.40,58.30,92.80,90.50,90.10,79.60,83.10,77.00,86.50,95.00,85,80,0.00,22,17,13.20,18.20,5.70,560.20,-5.40,1.50,97057,5.20,-0.20,90562,128.40
144,Slovakia,Slovakia,Europe,36,23,69.70,83.20,71.90,53.70,77.30,41.80,76.00,75.90,56.50,75.50,79.20,75,70,2.90,25,21,34.70,44.10,5.50,178.50,-5.20,1.20,32710,6.80,2.00,-1930,60.70
145,Slovenia,Slovenia,Europe,32,22,70.50,89.70,91.60,66.70,57.20,36.40,77.40,79.70,63.30,85.10,79.20,70,50,2.90,50,19,37.70,46.00,2.10,81.30,-5.50,2.00,38807,5.20,-0.10,529,81.50
146,Solomon Islands,SolomonIslands,Asia-Pacific,110,22,56.50,50.60,59.50,42.30,70.50,60.10,98.00,44.40,60.20,79.00,68.60,15,30,8.20,40,30,21.20,36.50,0.70,1.60,-4.30,2.40,2455,0.80,3.40,9,13.90
147,South Africa,SouthAfrica,Sub-Saharan Africa,112,17,56.20,43.20,61.30,48.40,63.40,68.10,8.10,65.70,71.10,78.00,72.20,45,50,6.40,45,28,29.10,32.60,59.30,717.40,-7.00,-0.80,12032,28.70,3.30,3106,77.10
148,Spain,Spain,Europe,41,26,68.20,87.70,74.30,67.20,59.70,38.30,29.70,75.20,61.80,85.40,84.20,85,70,2.90,47,25,34.70,45.30,47.40,1808.70,-11.00,-0.10,38392,15.70,-0.30,8928,117.10
149,Sri Lanka,SriLanka,Asia-Pacific,132,28,53.30,51.70,57.70,40.10,90.30,87.40,0.00,58.30,55.70,71.60,47.00,40,40,19.00,18,24,8.10,20.50,21.90,289.90,-3.60,2.00,13215,4.80,4.60,434,100.10
150,Sudan,Sudan,Sub-Saharan Africa,174,47,32.00,22.20,13.20,14.60,84.90,92.90,0.00,25.00,44.80,13.70,48.00,5,20,16.00,15,35,7.80,15.40,43.80,181.70,-3.60,-0.90,4098,17.70,163.30,717,262.50
151,Suriname,Suriname,Americas,156,29,48.10,51.20,45.80,37.60,70.20,66.60,0.00,52.70,64.20,58.40,60.60,40,30,12.20,38,36,15.50,33.40,0.60,8.80,-13.50,-2.90,14513,8.70,34.90,-27,165.80
152,Sweden,Sweden,Europe,11,8,77.90,97.30,97.10,95.70,44.90,26.40,95.80,84.60,65.40,83.60,79.20,85,80,2.90,57,21,42.90,49.50,10.40,562.00,-2.80,1.00,54146,8.50,0.70,26109,38.50
153,Switzerland,Switzerland,Europe,2,1,84.20,95.20,98.00,92.30,70.10,67.20,96.30,84.30,60.00,84.90,86.60,85,90,1.70,40,24,28.50,33.10,8.60,627.20,-3.00,1.00,72874,4.90,-0.70,-47172,42.90
154,Taiwan ,Taiwan,Asia-Pacific,6,3,80.10,81.30,94.20,73.80,79.20,90.70,86.60,84.30,68.70,86.10,86.00,70,60,2.00,40,20,9.00,17.60,23.60,1316.00,3.10,2.90,55724,4.50,-0.20,8802,33.70
155,Tajikistan,Tajikistan,Asia-Pacific,147,30,49.70,29.50,9.10,17.80,95.30,72.40,80.00,56.90,43.10,67.10,69.60,25,30,7.70,13,15,9.00,30.30,9.50,34.80,4.50,6.70,3676,7.50,8.60,107,48.10
156,Tanzania,Tanzania,Sub-Saharan Africa,93,10,59.50,36.90,27.00,36.90,80.60,91.90,93.30,46.30,62.00,73.80,59.80,55,50,10.10,30,30,11.70,16.50,59.70,163.60,1.00,5.70,2821,2.20,3.00,1013,38.20
157,Thailand,Thailand,Asia-Pacific,70,13,63.20,44.20,36.20,38.50,81.30,84.40,89.80,63.40,59.60,74.20,71.60,55,60,6.70,35,20,15.80,22.80,69.80,1272.90,-6.10,1.60,18236,1.00,-0.80,-6100,49.60
158,Timor-Leste,TimorLeste,Asia-Pacific,164,37,46.30,30.80,35.30,38.20,97.60,0.00,19.70,57.90,56.20,79.50,75.00,45,20,2.50,10,10,6.30,76.70,1.30,4.50,-6.80,-1.40,3382,5.10,0.50,72,12.20
159,Togo,Togo,Sub-Saharan Africa,104,15,57.20,36.80,35.10,28.80,68.70,88.90,88.80,51.50,54.50,77.30,65.60,60,30,12.20,45,27,19.40,19.20,8.30,18.20,0.70,4.20,2199,4.10,1.80,639,57.60
160,Tonga,Tonga,Asia-Pacific,83,17,60.80,64.20,68.10,40.50,85.40,54.60,96.50,58.70,55.80,71.90,73.40,40,20,5.80,20,25,20.90,38.90,0.10,0.60,-0.50,2.10,6191,4.40,0.20,0,41.60
161,Trinidad and Tobago,TrinidadTobago,Americas,99,21,58.80,58.80,59.30,44.20,79.10,69.00,12.90,60.90,57.40,84.60,68.80,60,50,8.10,25,30,23.70,32.10,1.40,35.00,-7.80,-3.50,25031,6.70,0.60,-439,59.40
162,Tunisia,Tunisia,Middle East and North Africa,128,10,54.20,60.90,49.50,47.30,75.20,67.00,20.80,57.70,56.00,74.40,66.20,45,30,9.40,35,15,32.10,33.20,11.80,120.50,-8.80,-0.40,10120,16.70,5.70,652,87.60
163,Turkey,Turkey,Europe,107,42,56.90,42.00,25.60,39.40,74.70,63.80,59.20,63.40,47.10,61.90,75.60,70,60,4.70,40,20,23.10,34.70,84.30,2546.50,1.80,3.30,30253,13.90,12.30,7880,36.80
164,Turkmenistan,Turkmenistan,Asia-Pacific,165,38,46.20,19.00,8.30,7.40,92.60,94.50,98.00,37.50,30.70,72.70,74.20,10,10,2.90,10,20,15.60,13.50,6.00,98.20,0.80,5.20,16521,4.40,7.60,1169,31.00
165,Uganda,Uganda,Sub-Saharan Africa,127,24,54.20,48.30,29.20,24.00,73.60,89.80,53.50,46.50,54.70,78.20,57.80,55,40,13.60,40,30,11.80,18.50,45.70,106.10,-2.10,3.90,2574,2.40,3.80,823,45.70
166,Ukraine,Ukraine,Europe,130,44,54.10,39.70,31.40,33.80,89.10,44.50,73.60,61.10,60.70,71.20,78.60,35,30,3.20,20,18,19.20,43.00,44.10,543.80,-4.20,1.50,13110,9.50,2.70,-868,60.70
167,United Arab Emirates,UnitedArabEmirates,Middle East and North Africa,33,1,70.20,63.50,35.40,71.80,100.00,71.50,92.80,73.20,64.90,80.80,78.20,50,60,3.40,0,0,1.00,30.80,9.90,650.80,-5.90,0.50,58753,5.00,-2.10,19884,38.30
168,United Kingdom,UnitedKingdom,Europe,24,17,72.70,96.20,85.90,87.10,65.40,46.30,22.60,79.10,62.10,83.00,84.20,80,80,2.90,45,19,32.70,42.30,67.20,2959.90,-9.90,-0.80,44117,4.30,0.90,19724,103.70
169,United States,UnitedStates,Americas,25,3,72.10,95.70,77.90,75.70,75.90,54.50,0.00,87.50,75.80,82.30,75.20,85,80,2.40,37,21,24.50,38.90,329.50,20932.80,-3.50,1.10,63416,8.30,1.20,156321,127.10
170,Uruguay,Uruguay,Americas,34,5,70.00,84.00,80.40,75.20,72.40,70.20,75.20,75.70,60.30,70.90,70.40,75,30,9.80,36,25,29.00,31.50,3.50,79.30,-5.70,-0.30,22459,12.70,9.80,2630,66.30
171,Uzbekistan,Uzbekistan,Asia-Pacific,117,25,55.70,31.60,13.10,23.80,90.80,78.10,96.60,59.10,48.00,61.60,75.60,50,40,4.70,22,8,19.60,27.00,34.20,252.60,1.60,4.70,7449,6.00,12.90,1726,37.90
172,Vanuatu,Vanuatu,Asia-Pacific,72,14,62.90,57.80,71.20,42.40,96.80,60.10,96.10,49.10,40.00,74.40,61.60,65,40,9.20,0,0,17.80,36.50,0.30,0.80,-9.20,1.60,2586,2.00,2.90,30,44.20
173,Venezuela,Venezuela,Americas,176,32,24.80,0.20,4.60,7.10,74.10,78.30,0.00,30.80,37.60,0.00,54.80,0,10,12.60,34,34,16.70,26.90,28.40,144.70,-30.00,-23.50,5178,9.10,2355.10,959,304.10
174,Vietnam,Vietnam,Asia-Pacific,84,18,60.60,49.60,33.80,33.60,80.90,85.50,78.80,73.60,53.90,68.80,78.80,40,50,5.60,35,20,16.90,22.00,97.30,1058.70,2.90,6.10,10869,2.30,3.20,15800,46.60
175,Zambia,Zambia,Sub-Saharan Africa,154,36,48.70,38.30,45.20,30.80,70.90,73.30,0.00,44.20,41.90,66.40,68.20,55,50,8.40,38,35,16.70,29.80,18.40,63.10,-3.50,1.90,3342,12.20,16.40,234,117.80
176,Zimbabwe,Zimbabwe,Sub-Saharan Africa,173,46,33.10,20.80,16.30,20.60,66.10,87.20,79.80,36.90,34.90,0.00,0.00,25,10,67.70,52,24,12.60,20.70,14.90,39.80,-8.00,-1.30,2622,5.70,557.20,194,88.90
